{
  "ProductPriceTestData.xml": 1553238689.0159047,
  "IssuanceTestData.xml": 1553274405.6859667,
  "ProductTestData.xml": 1553238689.0164716
}